{
    "$schema": "http://schema.management.azure.com/schemas/2015-01-01/deploymentTemplate.json#",
    "contentVersion": "1.0.0.0",
    "parameters": {
        "factoryName": {
            "type": "string",
            "metadata": "Data Factory name",
            "defaultValue": "factory-weather"
        },
        "AzureDataLakeStorage1_accountKey": {
            "type": "secureString",
            "metadata": "Secure string for 'accountKey' of 'AzureDataLakeStorage1'"
        },
        "AzureDataLakeStorage1_properties_typeProperties_url": {
            "type": "string",
            "defaultValue": "https://datalakeprojectweather.dfs.core.windows.net/"
        },
        "HttpServer1_properties_typeProperties_url": {
            "type": "string",
            "defaultValue": "https://api.openweathermap.org"
        },
        "RestService1_properties_typeProperties_url": {
            "type": "string",
            "defaultValue": "https://meteostat.p.rapidapi.com"
        }
    },
    "variables": {
        "factoryId": "[concat('Microsoft.DataFactory/factories/', parameters('factoryName'))]"
    },
    "resources": [
        {
            "name": "[concat(parameters('factoryName'), '/AzureDataLakeStorage1')]",
            "type": "Microsoft.DataFactory/factories/linkedServices",
            "apiVersion": "2018-06-01",
            "properties": {
                "annotations": [],
                "type": "AzureBlobFS",
                "typeProperties": {
                    "url": "[parameters('AzureDataLakeStorage1_properties_typeProperties_url')]",
                    "accountKey": {
                        "type": "SecureString",
                        "value": "[parameters('AzureDataLakeStorage1_accountKey')]"
                    }
                }
            },
            "dependsOn": []
        },
        {
            "name": "[concat(parameters('factoryName'), '/HttpServer1')]",
            "type": "Microsoft.DataFactory/factories/linkedServices",
            "apiVersion": "2018-06-01",
            "properties": {
                "annotations": [],
                "type": "HttpServer",
                "typeProperties": {
                    "url": "[parameters('HttpServer1_properties_typeProperties_url')]",
                    "enableServerCertificateValidation": true,
                    "authenticationType": "Anonymous"
                }
            },
            "dependsOn": []
        },
        {
            "name": "[concat(parameters('factoryName'), '/RestService1')]",
            "type": "Microsoft.DataFactory/factories/linkedServices",
            "apiVersion": "2018-06-01",
            "properties": {
                "annotations": [],
                "type": "RestService",
                "typeProperties": {
                    "url": "[parameters('RestService1_properties_typeProperties_url')]",
                    "enableServerCertificateValidation": true,
                    "authenticationType": "Anonymous"
                }
            },
            "dependsOn": []
        },
        {
            "name": "[concat(parameters('factoryName'), '/Json1')]",
            "type": "Microsoft.DataFactory/factories/datasets",
            "apiVersion": "2018-06-01",
            "properties": {
                "linkedServiceName": {
                    "referenceName": "AzureDataLakeStorage1",
                    "type": "LinkedServiceReference"
                },
                "parameters": {
                    "filename": {
                        "type": "string"
                    },
                    "directory": {
                        "type": "string"
                    },
                    "file_system": {
                        "type": "string"
                    }
                },
                "annotations": [],
                "type": "Json",
                "typeProperties": {
                    "location": {
                        "type": "AzureBlobFSLocation",
                        "fileName": {
                            "value": "@dataset().filename",
                            "type": "Expression"
                        },
                        "folderPath": {
                            "value": "@dataset().directory",
                            "type": "Expression"
                        },
                        "fileSystem": {
                            "value": "@dataset().file_system",
                            "type": "Expression"
                        }
                    }
                },
                "schema": {}
            },
            "dependsOn": [
                "[concat(variables('factoryId'), '/linkedServices/AzureDataLakeStorage1')]"
            ]
        },
        {
            "name": "[concat(parameters('factoryName'), '/DS_http_weather_mdz')]",
            "type": "Microsoft.DataFactory/factories/datasets",
            "apiVersion": "2018-06-01",
            "properties": {
                "linkedServiceName": {
                    "referenceName": "HttpServer1",
                    "type": "LinkedServiceReference"
                },
                "annotations": [],
                "type": "Json",
                "typeProperties": {
                    "location": {
                        "type": "HttpServerLocation",
                        "relativeUrl": {
                            "value": "/data/2.5/weather?lat=-32.889458&lon=-68.845840&units=metric&lang=en&cnt=8&appid=23b4df9e1c971d8071e8e9e71d883d63",
                            "type": "Expression"
                        }
                    }
                },
                "schema": {}
            },
            "dependsOn": [
                "[concat(variables('factoryId'), '/linkedServices/HttpServer1')]"
            ]
        },
        {
            "name": "[concat(parameters('factoryName'), '/DS_http_air_pollution_sj')]",
            "type": "Microsoft.DataFactory/factories/datasets",
            "apiVersion": "2018-06-01",
            "properties": {
                "linkedServiceName": {
                    "referenceName": "HttpServer1",
                    "type": "LinkedServiceReference"
                },
                "annotations": [],
                "type": "Json",
                "typeProperties": {
                    "location": {
                        "type": "HttpServerLocation",
                        "relativeUrl": {
                            "value": "/data/2.5/air_pollution?lat=-31.538660&lon=-68.536301&units=metric&lang=en&cnt=8&appid=23b4df9e1c971d8071e8e9e71d883d63",
                            "type": "Expression"
                        }
                    }
                },
                "schema": {}
            },
            "dependsOn": [
                "[concat(variables('factoryId'), '/linkedServices/HttpServer1')]"
            ]
        },
        {
            "name": "[concat(parameters('factoryName'), '/DS_http_air_pollution_sl')]",
            "type": "Microsoft.DataFactory/factories/datasets",
            "apiVersion": "2018-06-01",
            "properties": {
                "linkedServiceName": {
                    "referenceName": "HttpServer1",
                    "type": "LinkedServiceReference"
                },
                "annotations": [],
                "type": "Json",
                "typeProperties": {
                    "location": {
                        "type": "HttpServerLocation",
                        "relativeUrl": {
                            "value": "/data/2.5/air_pollution?lat=-33.302950&lon=-66.338279&units=metric&lang=en&cnt=8&appid=23b4df9e1c971d8071e8e9e71d883d63",
                            "type": "Expression"
                        }
                    }
                },
                "schema": {}
            },
            "dependsOn": [
                "[concat(variables('factoryId'), '/linkedServices/HttpServer1')]"
            ]
        },
        {
            "name": "[concat(parameters('factoryName'), '/DS_http_weather_sl')]",
            "type": "Microsoft.DataFactory/factories/datasets",
            "apiVersion": "2018-06-01",
            "properties": {
                "linkedServiceName": {
                    "referenceName": "HttpServer1",
                    "type": "LinkedServiceReference"
                },
                "annotations": [],
                "type": "Json",
                "typeProperties": {
                    "location": {
                        "type": "HttpServerLocation",
                        "relativeUrl": {
                            "value": "/data/2.5/weather?lat=-33.302950&lon=-66.338279&units=metric&lang=en&cnt=8&appid=23b4df9e1c971d8071e8e9e71d883d63",
                            "type": "Expression"
                        }
                    }
                },
                "schema": {}
            },
            "dependsOn": [
                "[concat(variables('factoryId'), '/linkedServices/HttpServer1')]"
            ]
        },
        {
            "name": "[concat(parameters('factoryName'), '/DS_http_weather_sj')]",
            "type": "Microsoft.DataFactory/factories/datasets",
            "apiVersion": "2018-06-01",
            "properties": {
                "linkedServiceName": {
                    "referenceName": "HttpServer1",
                    "type": "LinkedServiceReference"
                },
                "annotations": [],
                "type": "Json",
                "typeProperties": {
                    "location": {
                        "type": "HttpServerLocation",
                        "relativeUrl": {
                            "value": "/data/2.5/weather?lat=-31.538660&lon=-68.536301&units=metric&lang=en&cnt=8&appid=23b4df9e1c971d8071e8e9e71d883d63",
                            "type": "Expression"
                        }
                    }
                },
                "schema": {}
            },
            "dependsOn": [
                "[concat(variables('factoryId'), '/linkedServices/HttpServer1')]"
            ]
        },
        {
            "name": "[concat(parameters('factoryName'), '/DS_http_air_pollution_mdz')]",
            "type": "Microsoft.DataFactory/factories/datasets",
            "apiVersion": "2018-06-01",
            "properties": {
                "linkedServiceName": {
                    "referenceName": "HttpServer1",
                    "type": "LinkedServiceReference"
                },
                "annotations": [],
                "type": "Json",
                "typeProperties": {
                    "location": {
                        "type": "HttpServerLocation",
                        "relativeUrl": {
                            "value": "/data/2.5/air_pollution?lat=-32.889458&lon=-68.845840&units=metric&lang=en&cnt=8&appid=23b4df9e1c971d8071e8e9e71d883d63",
                            "type": "Expression"
                        }
                    }
                },
                "schema": {}
            },
            "dependsOn": [
                "[concat(variables('factoryId'), '/linkedServices/HttpServer1')]"
            ]
        },
        {
            "name": "[concat(parameters('factoryName'), '/DS_http_forecast_sl')]",
            "type": "Microsoft.DataFactory/factories/datasets",
            "apiVersion": "2018-06-01",
            "properties": {
                "linkedServiceName": {
                    "referenceName": "HttpServer1",
                    "type": "LinkedServiceReference"
                },
                "annotations": [],
                "type": "Json",
                "typeProperties": {
                    "location": {
                        "type": "HttpServerLocation",
                        "relativeUrl": {
                            "value": "/data/2.5/forecast?lat=-33.302950&lon=-66.338279&units=metric&lang=en&cnt=8&appid=23b4df9e1c971d8071e8e9e71d883d63",
                            "type": "Expression"
                        }
                    }
                },
                "schema": {}
            },
            "dependsOn": [
                "[concat(variables('factoryId'), '/linkedServices/HttpServer1')]"
            ]
        },
        {
            "name": "[concat(parameters('factoryName'), '/DS_http_forecast_sj')]",
            "type": "Microsoft.DataFactory/factories/datasets",
            "apiVersion": "2018-06-01",
            "properties": {
                "linkedServiceName": {
                    "referenceName": "HttpServer1",
                    "type": "LinkedServiceReference"
                },
                "annotations": [],
                "type": "Json",
                "typeProperties": {
                    "location": {
                        "type": "HttpServerLocation",
                        "relativeUrl": {
                            "value": "/data/2.5/forecast?lat=-31.538660&lon=-68.536301&units=metric&lang=en&cnt=8&appid=23b4df9e1c971d8071e8e9e71d883d63",
                            "type": "Expression"
                        }
                    }
                },
                "schema": {}
            },
            "dependsOn": [
                "[concat(variables('factoryId'), '/linkedServices/HttpServer1')]"
            ]
        },
        {
            "name": "[concat(parameters('factoryName'), '/DS_http_forecast_mdz')]",
            "type": "Microsoft.DataFactory/factories/datasets",
            "apiVersion": "2018-06-01",
            "properties": {
                "linkedServiceName": {
                    "referenceName": "HttpServer1",
                    "type": "LinkedServiceReference"
                },
                "annotations": [],
                "type": "Json",
                "typeProperties": {
                    "location": {
                        "type": "HttpServerLocation",
                        "relativeUrl": {
                            "value": "/data/2.5/forecast?lat=-32.889458&lon=-68.845840&units=metric&lang=en&cnt=8&appid=23b4df9e1c971d8071e8e9e71d883d63",
                            "type": "Expression"
                        }
                    }
                },
                "schema": {}
            },
            "dependsOn": [
                "[concat(variables('factoryId'), '/linkedServices/HttpServer1')]"
            ]
        },
        {
            "name": "[concat(parameters('factoryName'), '/RestResource_daily_sl')]",
            "type": "Microsoft.DataFactory/factories/datasets",
            "apiVersion": "2018-06-01",
            "properties": {
                "linkedServiceName": {
                    "referenceName": "RestService1",
                    "type": "LinkedServiceReference"
                },
                "annotations": [],
                "type": "RestResource",
                "typeProperties": {
                    "relativeUrl": {
                        "value": "/point/daily?lat=-33.302950&lon=-66.338279&start=2015-06-01&end=2025-04-28",
                        "type": "Expression"
                    }
                },
                "schema": []
            },
            "dependsOn": [
                "[concat(variables('factoryId'), '/linkedServices/RestService1')]"
            ]
        },
        {
            "name": "[concat(parameters('factoryName'), '/RestResource_daily_sj')]",
            "type": "Microsoft.DataFactory/factories/datasets",
            "apiVersion": "2018-06-01",
            "properties": {
                "linkedServiceName": {
                    "referenceName": "RestService1",
                    "type": "LinkedServiceReference"
                },
                "annotations": [],
                "type": "RestResource",
                "typeProperties": {
                    "relativeUrl": {
                        "value": "/point/daily?lat=-31.538660&lon=-68.536301&start=2015-06-01&end=2025-04-28",
                        "type": "Expression"
                    }
                },
                "schema": []
            },
            "dependsOn": [
                "[concat(variables('factoryId'), '/linkedServices/RestService1')]"
            ]
        },
        {
            "name": "[concat(parameters('factoryName'), '/RestResource_daily_mdz')]",
            "type": "Microsoft.DataFactory/factories/datasets",
            "apiVersion": "2018-06-01",
            "properties": {
                "linkedServiceName": {
                    "referenceName": "RestService1",
                    "type": "LinkedServiceReference"
                },
                "annotations": [],
                "type": "RestResource",
                "typeProperties": {
                    "relativeUrl": {
                        "value": "/point/daily?lat=-32.889458&lon=-68.845840&start=2015-06-01&end=2025-04-28",
                        "type": "Expression"
                    }
                },
                "schema": []
            },
            "dependsOn": [
                "[concat(variables('factoryId'), '/linkedServices/RestService1')]"
            ]
        },
        {
            "name": "[concat(parameters('factoryName'), '/weather_air-pollution')]",
            "type": "Microsoft.DataFactory/factories/pipelines",
            "apiVersion": "2018-06-01",
            "properties": {
                "activities": [
                    {
                        "name": "weather_mdz",
                        "type": "Copy",
                        "dependsOn": [],
                        "policy": {
                            "timeout": "0.12:00:00",
                            "retry": 0,
                            "retryIntervalInSeconds": 30,
                            "secureOutput": false,
                            "secureInput": false
                        },
                        "userProperties": [],
                        "typeProperties": {
                            "source": {
                                "type": "JsonSource",
                                "storeSettings": {
                                    "type": "HttpReadSettings",
                                    "requestMethod": "GET"
                                },
                                "formatSettings": {
                                    "type": "JsonReadSettings"
                                }
                            },
                            "sink": {
                                "type": "JsonSink",
                                "storeSettings": {
                                    "type": "AzureBlobFSWriteSettings"
                                },
                                "formatSettings": {
                                    "type": "JsonWriteSettings"
                                }
                            },
                            "enableStaging": false
                        },
                        "inputs": [
                            {
                                "referenceName": "DS_http_weather_mdz",
                                "type": "DatasetReference",
                                "parameters": {}
                            }
                        ],
                        "outputs": [
                            {
                                "referenceName": "Json1",
                                "type": "DatasetReference",
                                "parameters": {
                                    "filename": {
                                        "value": "@concat('weather_', formatDateTime(utcnow(), 'yyyy-MM-dd-HH'), '.json')",
                                        "type": "Expression"
                                    },
                                    "directory": {
                                        "value": "@concat(\n  '/weather/hourly/mendoza/',\n  'YYYY=', formatDateTime(utcNow(), 'yyyy'), '/',\n  'MM=', formatDateTime(utcNow(), 'MM'), '/',\n  'DD=', formatDateTime(utcNow(), 'dd'), '/',\n  'HH=', formatDateTime(utcNow(), 'HH'), '/'\n)",
                                        "type": "Expression"
                                    },
                                    "file_system": "raw"
                                }
                            }
                        ]
                    },
                    {
                        "name": "air_pollution_mdz",
                        "type": "Copy",
                        "dependsOn": [
                            {
                                "activity": "Wait1",
                                "dependencyConditions": [
                                    "Succeeded"
                                ]
                            }
                        ],
                        "policy": {
                            "timeout": "0.12:00:00",
                            "retry": 0,
                            "retryIntervalInSeconds": 30,
                            "secureOutput": false,
                            "secureInput": false
                        },
                        "userProperties": [],
                        "typeProperties": {
                            "source": {
                                "type": "JsonSource",
                                "storeSettings": {
                                    "type": "HttpReadSettings",
                                    "requestMethod": "GET"
                                },
                                "formatSettings": {
                                    "type": "JsonReadSettings"
                                }
                            },
                            "sink": {
                                "type": "JsonSink",
                                "storeSettings": {
                                    "type": "AzureBlobFSWriteSettings"
                                },
                                "formatSettings": {
                                    "type": "JsonWriteSettings"
                                }
                            },
                            "enableStaging": false
                        },
                        "inputs": [
                            {
                                "referenceName": "DS_http_air_pollution_mdz",
                                "type": "DatasetReference",
                                "parameters": {}
                            }
                        ],
                        "outputs": [
                            {
                                "referenceName": "Json1",
                                "type": "DatasetReference",
                                "parameters": {
                                    "filename": {
                                        "value": "@concat('air_pollution_', formatDateTime(utcnow(), 'yyyy-MM-dd-HH'), '.json')",
                                        "type": "Expression"
                                    },
                                    "directory": {
                                        "value": "@concat(\n  '/air_pollution/hourly/mendoza/',\n  'YYYY=', formatDateTime(utcNow(), 'yyyy'), '/',\n  'MM=', formatDateTime(utcNow(), 'MM'), '/',\n  'DD=', formatDateTime(utcNow(), 'dd'), '/',\n  'HH=', formatDateTime(utcNow(), 'HH'), '/'\n)",
                                        "type": "Expression"
                                    },
                                    "file_system": "raw"
                                }
                            }
                        ]
                    },
                    {
                        "name": "Wait1",
                        "type": "Wait",
                        "dependsOn": [
                            {
                                "activity": "weather_mdz",
                                "dependencyConditions": [
                                    "Succeeded"
                                ]
                            }
                        ],
                        "userProperties": [],
                        "typeProperties": {
                            "waitTimeInSeconds": 5
                        }
                    },
                    {
                        "name": "weather_sj",
                        "type": "Copy",
                        "dependsOn": [
                            {
                                "activity": "Wait1_copy2",
                                "dependencyConditions": [
                                    "Succeeded"
                                ]
                            }
                        ],
                        "policy": {
                            "timeout": "0.12:00:00",
                            "retry": 0,
                            "retryIntervalInSeconds": 30,
                            "secureOutput": false,
                            "secureInput": false
                        },
                        "userProperties": [],
                        "typeProperties": {
                            "source": {
                                "type": "JsonSource",
                                "storeSettings": {
                                    "type": "HttpReadSettings",
                                    "requestMethod": "GET"
                                },
                                "formatSettings": {
                                    "type": "JsonReadSettings"
                                }
                            },
                            "sink": {
                                "type": "JsonSink",
                                "storeSettings": {
                                    "type": "AzureBlobFSWriteSettings"
                                },
                                "formatSettings": {
                                    "type": "JsonWriteSettings"
                                }
                            },
                            "enableStaging": false
                        },
                        "inputs": [
                            {
                                "referenceName": "DS_http_weather_sj",
                                "type": "DatasetReference",
                                "parameters": {}
                            }
                        ],
                        "outputs": [
                            {
                                "referenceName": "Json1",
                                "type": "DatasetReference",
                                "parameters": {
                                    "filename": {
                                        "value": "@concat('weather_', formatDateTime(utcnow(), 'yyyy-MM-dd-HH'), '.json')",
                                        "type": "Expression"
                                    },
                                    "directory": {
                                        "value": "@concat(\n  '/weather/hourly/sanjuan/',\n  'YYYY=', formatDateTime(utcNow(), 'yyyy'), '/',\n  'MM=', formatDateTime(utcNow(), 'MM'), '/',\n  'DD=', formatDateTime(utcNow(), 'dd'), '/',\n  'HH=', formatDateTime(utcNow(), 'HH'), '/'\n)",
                                        "type": "Expression"
                                    },
                                    "file_system": "raw"
                                }
                            }
                        ]
                    },
                    {
                        "name": "Wait1_copy1",
                        "type": "Wait",
                        "dependsOn": [
                            {
                                "activity": "weather_sj",
                                "dependencyConditions": [
                                    "Succeeded"
                                ]
                            }
                        ],
                        "userProperties": [],
                        "typeProperties": {
                            "waitTimeInSeconds": 5
                        }
                    },
                    {
                        "name": "air_pollution_sj",
                        "type": "Copy",
                        "dependsOn": [
                            {
                                "activity": "Wait1_copy1",
                                "dependencyConditions": [
                                    "Succeeded"
                                ]
                            }
                        ],
                        "policy": {
                            "timeout": "0.12:00:00",
                            "retry": 0,
                            "retryIntervalInSeconds": 30,
                            "secureOutput": false,
                            "secureInput": false
                        },
                        "userProperties": [],
                        "typeProperties": {
                            "source": {
                                "type": "JsonSource",
                                "storeSettings": {
                                    "type": "HttpReadSettings",
                                    "requestMethod": "GET"
                                },
                                "formatSettings": {
                                    "type": "JsonReadSettings"
                                }
                            },
                            "sink": {
                                "type": "JsonSink",
                                "storeSettings": {
                                    "type": "AzureBlobFSWriteSettings"
                                },
                                "formatSettings": {
                                    "type": "JsonWriteSettings"
                                }
                            },
                            "enableStaging": false
                        },
                        "inputs": [
                            {
                                "referenceName": "DS_http_air_pollution_sj",
                                "type": "DatasetReference",
                                "parameters": {}
                            }
                        ],
                        "outputs": [
                            {
                                "referenceName": "Json1",
                                "type": "DatasetReference",
                                "parameters": {
                                    "filename": {
                                        "value": "@concat('air_pollution_', formatDateTime(utcnow(), 'yyyy-MM-dd-HH'), '.json')",
                                        "type": "Expression"
                                    },
                                    "directory": {
                                        "value": "@concat(\n  '/air_pollution/hourly/sanjuan/',\n  'YYYY=', formatDateTime(utcNow(), 'yyyy'), '/',\n  'MM=', formatDateTime(utcNow(), 'MM'), '/',\n  'DD=', formatDateTime(utcNow(), 'dd'), '/',\n  'HH=', formatDateTime(utcNow(), 'HH'), '/'\n)",
                                        "type": "Expression"
                                    },
                                    "file_system": "raw"
                                }
                            }
                        ]
                    },
                    {
                        "name": "weather_sl",
                        "type": "Copy",
                        "dependsOn": [
                            {
                                "activity": "Wait1_copy3",
                                "dependencyConditions": [
                                    "Succeeded"
                                ]
                            }
                        ],
                        "policy": {
                            "timeout": "0.12:00:00",
                            "retry": 0,
                            "retryIntervalInSeconds": 30,
                            "secureOutput": false,
                            "secureInput": false
                        },
                        "userProperties": [],
                        "typeProperties": {
                            "source": {
                                "type": "JsonSource",
                                "storeSettings": {
                                    "type": "HttpReadSettings",
                                    "requestMethod": "GET"
                                },
                                "formatSettings": {
                                    "type": "JsonReadSettings"
                                }
                            },
                            "sink": {
                                "type": "JsonSink",
                                "storeSettings": {
                                    "type": "AzureBlobFSWriteSettings"
                                },
                                "formatSettings": {
                                    "type": "JsonWriteSettings"
                                }
                            },
                            "enableStaging": false
                        },
                        "inputs": [
                            {
                                "referenceName": "DS_http_weather_sl",
                                "type": "DatasetReference",
                                "parameters": {}
                            }
                        ],
                        "outputs": [
                            {
                                "referenceName": "Json1",
                                "type": "DatasetReference",
                                "parameters": {
                                    "filename": {
                                        "value": "@concat('weather_', formatDateTime(utcnow(), 'yyyy-MM-dd-HH'), '.json')",
                                        "type": "Expression"
                                    },
                                    "directory": {
                                        "value": "@concat(\n  '/weather/hourly/sanluis/',\n  'YYYY=', formatDateTime(utcNow(), 'yyyy'), '/',\n  'MM=', formatDateTime(utcNow(), 'MM'), '/',\n  'DD=', formatDateTime(utcNow(), 'dd'), '/',\n  'HH=', formatDateTime(utcNow(), 'HH'), '/'\n)",
                                        "type": "Expression"
                                    },
                                    "file_system": "raw"
                                }
                            }
                        ]
                    },
                    {
                        "name": "Wait1_copy1_copy1",
                        "type": "Wait",
                        "dependsOn": [
                            {
                                "activity": "weather_sl",
                                "dependencyConditions": [
                                    "Succeeded"
                                ]
                            }
                        ],
                        "userProperties": [],
                        "typeProperties": {
                            "waitTimeInSeconds": 5
                        }
                    },
                    {
                        "name": "air_pollution_sl",
                        "type": "Copy",
                        "dependsOn": [
                            {
                                "activity": "Wait1_copy1_copy1",
                                "dependencyConditions": [
                                    "Succeeded"
                                ]
                            }
                        ],
                        "policy": {
                            "timeout": "0.12:00:00",
                            "retry": 0,
                            "retryIntervalInSeconds": 30,
                            "secureOutput": false,
                            "secureInput": false
                        },
                        "userProperties": [],
                        "typeProperties": {
                            "source": {
                                "type": "JsonSource",
                                "storeSettings": {
                                    "type": "HttpReadSettings",
                                    "requestMethod": "GET"
                                },
                                "formatSettings": {
                                    "type": "JsonReadSettings"
                                }
                            },
                            "sink": {
                                "type": "JsonSink",
                                "storeSettings": {
                                    "type": "AzureBlobFSWriteSettings"
                                },
                                "formatSettings": {
                                    "type": "JsonWriteSettings"
                                }
                            },
                            "enableStaging": false
                        },
                        "inputs": [
                            {
                                "referenceName": "DS_http_air_pollution_sl",
                                "type": "DatasetReference",
                                "parameters": {}
                            }
                        ],
                        "outputs": [
                            {
                                "referenceName": "Json1",
                                "type": "DatasetReference",
                                "parameters": {
                                    "filename": {
                                        "value": "@concat('air_pollution_', formatDateTime(utcnow(), 'yyyy-MM-dd-HH'), '.json')",
                                        "type": "Expression"
                                    },
                                    "directory": {
                                        "value": "@concat(\n  '/air_pollution/hourly/sanluis/',\n  'YYYY=', formatDateTime(utcNow(), 'yyyy'), '/',\n  'MM=', formatDateTime(utcNow(), 'MM'), '/',\n  'DD=', formatDateTime(utcNow(), 'dd'), '/',\n  'HH=', formatDateTime(utcNow(), 'HH'), '/'\n)",
                                        "type": "Expression"
                                    },
                                    "file_system": "raw"
                                }
                            }
                        ]
                    },
                    {
                        "name": "Wait1_copy2",
                        "type": "Wait",
                        "dependsOn": [
                            {
                                "activity": "air_pollution_mdz",
                                "dependencyConditions": [
                                    "Succeeded"
                                ]
                            }
                        ],
                        "userProperties": [],
                        "typeProperties": {
                            "waitTimeInSeconds": 5
                        }
                    },
                    {
                        "name": "Wait1_copy3",
                        "type": "Wait",
                        "dependsOn": [
                            {
                                "activity": "air_pollution_sj",
                                "dependencyConditions": [
                                    "Succeeded"
                                ]
                            }
                        ],
                        "userProperties": [],
                        "typeProperties": {
                            "waitTimeInSeconds": 5
                        }
                    }
                ],
                "policy": {
                    "elapsedTimeMetric": {}
                },
                "annotations": [],
                "lastPublishTime": "2025-05-14T20:11:10Z"
            },
            "dependsOn": [
                "[concat(variables('factoryId'), '/datasets/DS_http_weather_mdz')]",
                "[concat(variables('factoryId'), '/datasets/Json1')]",
                "[concat(variables('factoryId'), '/datasets/DS_http_air_pollution_mdz')]",
                "[concat(variables('factoryId'), '/datasets/DS_http_weather_sj')]",
                "[concat(variables('factoryId'), '/datasets/DS_http_air_pollution_sj')]",
                "[concat(variables('factoryId'), '/datasets/DS_http_weather_sl')]",
                "[concat(variables('factoryId'), '/datasets/DS_http_air_pollution_sl')]"
            ]
        },
        {
            "name": "[concat(parameters('factoryName'), '/forecast_weather')]",
            "type": "Microsoft.DataFactory/factories/pipelines",
            "apiVersion": "2018-06-01",
            "properties": {
                "activities": [
                    {
                        "name": "forecast_mdz",
                        "type": "Copy",
                        "dependsOn": [],
                        "policy": {
                            "timeout": "0.12:00:00",
                            "retry": 0,
                            "retryIntervalInSeconds": 30,
                            "secureOutput": false,
                            "secureInput": false
                        },
                        "userProperties": [],
                        "typeProperties": {
                            "source": {
                                "type": "JsonSource",
                                "storeSettings": {
                                    "type": "HttpReadSettings",
                                    "requestMethod": "GET"
                                },
                                "formatSettings": {
                                    "type": "JsonReadSettings"
                                }
                            },
                            "sink": {
                                "type": "JsonSink",
                                "storeSettings": {
                                    "type": "AzureBlobFSWriteSettings"
                                },
                                "formatSettings": {
                                    "type": "JsonWriteSettings"
                                }
                            },
                            "enableStaging": false
                        },
                        "inputs": [
                            {
                                "referenceName": "DS_http_forecast_mdz",
                                "type": "DatasetReference",
                                "parameters": {}
                            }
                        ],
                        "outputs": [
                            {
                                "referenceName": "Json1",
                                "type": "DatasetReference",
                                "parameters": {
                                    "filename": {
                                        "value": "@concat('forecast_', formatDateTime(utcnow(), 'yyyy-MM-dd'), '.json')",
                                        "type": "Expression"
                                    },
                                    "directory": {
                                        "value": "@concat(\n  '/forecast/daily/mendoza/',\n  'YYYY=', formatDateTime(utcNow(), 'yyyy'), '/',\n  'MM=', formatDateTime(utcNow(), 'MM'), '/',\n  'DD=', formatDateTime(utcNow(), 'dd'), '/'\n)",
                                        "type": "Expression"
                                    },
                                    "file_system": "raw"
                                }
                            }
                        ]
                    },
                    {
                        "name": "forecast_sj",
                        "type": "Copy",
                        "dependsOn": [
                            {
                                "activity": "Wait1",
                                "dependencyConditions": [
                                    "Succeeded"
                                ]
                            }
                        ],
                        "policy": {
                            "timeout": "0.12:00:00",
                            "retry": 0,
                            "retryIntervalInSeconds": 30,
                            "secureOutput": false,
                            "secureInput": false
                        },
                        "userProperties": [],
                        "typeProperties": {
                            "source": {
                                "type": "JsonSource",
                                "storeSettings": {
                                    "type": "HttpReadSettings",
                                    "requestMethod": "GET"
                                },
                                "formatSettings": {
                                    "type": "JsonReadSettings"
                                }
                            },
                            "sink": {
                                "type": "JsonSink",
                                "storeSettings": {
                                    "type": "AzureBlobFSWriteSettings"
                                },
                                "formatSettings": {
                                    "type": "JsonWriteSettings"
                                }
                            },
                            "enableStaging": false
                        },
                        "inputs": [
                            {
                                "referenceName": "DS_http_forecast_sj",
                                "type": "DatasetReference",
                                "parameters": {}
                            }
                        ],
                        "outputs": [
                            {
                                "referenceName": "Json1",
                                "type": "DatasetReference",
                                "parameters": {
                                    "filename": {
                                        "value": "@concat('forecast_', formatDateTime(utcnow(), 'yyyy-MM-dd'), '.json')",
                                        "type": "Expression"
                                    },
                                    "directory": {
                                        "value": "@concat(\n  '/forecast/daily/sanjuan/',\n  'YYYY=', formatDateTime(utcNow(), 'yyyy'), '/',\n  'MM=', formatDateTime(utcNow(), 'MM'), '/',\n  'DD=', formatDateTime(utcNow(), 'dd'), '/'\n)",
                                        "type": "Expression"
                                    },
                                    "file_system": "raw"
                                }
                            }
                        ]
                    },
                    {
                        "name": "forecast_sl",
                        "type": "Copy",
                        "dependsOn": [
                            {
                                "activity": "Wait1_copy1",
                                "dependencyConditions": [
                                    "Succeeded"
                                ]
                            }
                        ],
                        "policy": {
                            "timeout": "0.12:00:00",
                            "retry": 0,
                            "retryIntervalInSeconds": 30,
                            "secureOutput": false,
                            "secureInput": false
                        },
                        "userProperties": [],
                        "typeProperties": {
                            "source": {
                                "type": "JsonSource",
                                "storeSettings": {
                                    "type": "HttpReadSettings",
                                    "requestMethod": "GET"
                                },
                                "formatSettings": {
                                    "type": "JsonReadSettings"
                                }
                            },
                            "sink": {
                                "type": "JsonSink",
                                "storeSettings": {
                                    "type": "AzureBlobFSWriteSettings"
                                },
                                "formatSettings": {
                                    "type": "JsonWriteSettings"
                                }
                            },
                            "enableStaging": false
                        },
                        "inputs": [
                            {
                                "referenceName": "DS_http_forecast_sl",
                                "type": "DatasetReference",
                                "parameters": {}
                            }
                        ],
                        "outputs": [
                            {
                                "referenceName": "Json1",
                                "type": "DatasetReference",
                                "parameters": {
                                    "filename": {
                                        "value": "@concat('forecast_', formatDateTime(utcnow(), 'yyyy-MM-dd'), '.json')",
                                        "type": "Expression"
                                    },
                                    "directory": {
                                        "value": "@concat(\n  '/forecast/daily/sanluis/',\n  'YYYY=', formatDateTime(utcNow(), 'yyyy'), '/',\n  'MM=', formatDateTime(utcNow(), 'MM'), '/',\n  'DD=', formatDateTime(utcNow(), 'dd'), '/'\n)",
                                        "type": "Expression"
                                    },
                                    "file_system": "raw"
                                }
                            }
                        ]
                    },
                    {
                        "name": "Wait1",
                        "type": "Wait",
                        "dependsOn": [
                            {
                                "activity": "forecast_mdz",
                                "dependencyConditions": [
                                    "Succeeded"
                                ]
                            }
                        ],
                        "userProperties": [],
                        "typeProperties": {
                            "waitTimeInSeconds": 5
                        }
                    },
                    {
                        "name": "Wait1_copy1",
                        "type": "Wait",
                        "dependsOn": [
                            {
                                "activity": "forecast_sj",
                                "dependencyConditions": [
                                    "Succeeded"
                                ]
                            }
                        ],
                        "userProperties": [],
                        "typeProperties": {
                            "waitTimeInSeconds": 5
                        }
                    }
                ],
                "policy": {
                    "elapsedTimeMetric": {}
                },
                "annotations": [],
                "lastPublishTime": "2025-05-14T20:11:10Z"
            },
            "dependsOn": [
                "[concat(variables('factoryId'), '/datasets/DS_http_forecast_mdz')]",
                "[concat(variables('factoryId'), '/datasets/Json1')]",
                "[concat(variables('factoryId'), '/datasets/DS_http_forecast_sj')]",
                "[concat(variables('factoryId'), '/datasets/DS_http_forecast_sl')]"
            ]
        },
        {
            "name": "[concat(parameters('factoryName'), '/daily_weather')]",
            "type": "Microsoft.DataFactory/factories/pipelines",
            "apiVersion": "2018-06-01",
            "properties": {
                "activities": [
                    {
                        "name": "daily_weather_mdz",
                        "type": "Copy",
                        "dependsOn": [],
                        "policy": {
                            "timeout": "0.12:00:00",
                            "retry": 0,
                            "retryIntervalInSeconds": 30,
                            "secureOutput": false,
                            "secureInput": false
                        },
                        "userProperties": [],
                        "typeProperties": {
                            "source": {
                                "type": "RestSource",
                                "httpRequestTimeout": "00:01:40",
                                "requestInterval": "00.00:00:00.010",
                                "requestMethod": "GET",
                                "additionalHeaders": {
                                    "x-rapidapi-key": "c1c602a9fdmsha11233c36dd8002p15aa07jsn3ac029cd2680",
                                    "x-rapidapi-host": "meteostat.p.rapidapi.com"
                                }
                            },
                            "sink": {
                                "type": "JsonSink",
                                "storeSettings": {
                                    "type": "AzureBlobFSWriteSettings"
                                },
                                "formatSettings": {
                                    "type": "JsonWriteSettings"
                                }
                            },
                            "enableStaging": false
                        },
                        "inputs": [
                            {
                                "referenceName": "RestResource_daily_mdz",
                                "type": "DatasetReference",
                                "parameters": {}
                            }
                        ],
                        "outputs": [
                            {
                                "referenceName": "Json1",
                                "type": "DatasetReference",
                                "parameters": {
                                    "filename": {
                                        "value": "@concat('daily_weather_', formatDateTime(utcnow(), 'yyyy-MM'), '.json')",
                                        "type": "Expression"
                                    },
                                    "directory": {
                                        "value": "@concat(\n  '/daily_weather/mendoza/',\n  'YYYY=', formatDateTime(utcNow(), 'yyyy'), '/',\n  'MM=', formatDateTime(utcNow(), 'MM'), '/'\n)",
                                        "type": "Expression"
                                    },
                                    "file_system": "raw"
                                }
                            }
                        ]
                    },
                    {
                        "name": "Wait1",
                        "type": "Wait",
                        "dependsOn": [
                            {
                                "activity": "daily_weather_mdz",
                                "dependencyConditions": [
                                    "Succeeded"
                                ]
                            }
                        ],
                        "userProperties": [],
                        "typeProperties": {
                            "waitTimeInSeconds": 5
                        }
                    },
                    {
                        "name": "daily_weather_sj",
                        "type": "Copy",
                        "dependsOn": [
                            {
                                "activity": "Wait1",
                                "dependencyConditions": [
                                    "Succeeded"
                                ]
                            }
                        ],
                        "policy": {
                            "timeout": "0.12:00:00",
                            "retry": 0,
                            "retryIntervalInSeconds": 30,
                            "secureOutput": false,
                            "secureInput": false
                        },
                        "userProperties": [],
                        "typeProperties": {
                            "source": {
                                "type": "RestSource",
                                "httpRequestTimeout": "00:01:40",
                                "requestInterval": "00.00:00:00.010",
                                "requestMethod": "GET",
                                "additionalHeaders": {
                                    "x-rapidapi-key": "c1c602a9fdmsha11233c36dd8002p15aa07jsn3ac029cd2680",
                                    "x-rapidapi-host": "meteostat.p.rapidapi.com"
                                }
                            },
                            "sink": {
                                "type": "JsonSink",
                                "storeSettings": {
                                    "type": "AzureBlobFSWriteSettings"
                                },
                                "formatSettings": {
                                    "type": "JsonWriteSettings"
                                }
                            },
                            "enableStaging": false
                        },
                        "inputs": [
                            {
                                "referenceName": "RestResource_daily_sj",
                                "type": "DatasetReference",
                                "parameters": {}
                            }
                        ],
                        "outputs": [
                            {
                                "referenceName": "Json1",
                                "type": "DatasetReference",
                                "parameters": {
                                    "filename": {
                                        "value": "@concat('daily_weather_', formatDateTime(utcnow(), 'yyyy-MM'), '.json')",
                                        "type": "Expression"
                                    },
                                    "directory": {
                                        "value": "@concat(\n  '/daily_weather/sanjuan/',\n  'YYYY=', formatDateTime(utcNow(), 'yyyy'), '/',\n  'MM=', formatDateTime(utcNow(), 'MM'), '/'\n)",
                                        "type": "Expression"
                                    },
                                    "file_system": "raw"
                                }
                            }
                        ]
                    },
                    {
                        "name": "daily_weather_sl",
                        "type": "Copy",
                        "dependsOn": [
                            {
                                "activity": "Wait1_copy1",
                                "dependencyConditions": [
                                    "Succeeded"
                                ]
                            }
                        ],
                        "policy": {
                            "timeout": "0.12:00:00",
                            "retry": 0,
                            "retryIntervalInSeconds": 30,
                            "secureOutput": false,
                            "secureInput": false
                        },
                        "userProperties": [],
                        "typeProperties": {
                            "source": {
                                "type": "RestSource",
                                "httpRequestTimeout": "00:01:40",
                                "requestInterval": "00.00:00:00.010",
                                "requestMethod": "GET",
                                "additionalHeaders": {
                                    "x-rapidapi-key": "c1c602a9fdmsha11233c36dd8002p15aa07jsn3ac029cd2680",
                                    "x-rapidapi-host": "meteostat.p.rapidapi.com"
                                }
                            },
                            "sink": {
                                "type": "JsonSink",
                                "storeSettings": {
                                    "type": "AzureBlobFSWriteSettings"
                                },
                                "formatSettings": {
                                    "type": "JsonWriteSettings"
                                }
                            },
                            "enableStaging": false
                        },
                        "inputs": [
                            {
                                "referenceName": "RestResource_daily_sl",
                                "type": "DatasetReference",
                                "parameters": {}
                            }
                        ],
                        "outputs": [
                            {
                                "referenceName": "Json1",
                                "type": "DatasetReference",
                                "parameters": {
                                    "filename": {
                                        "value": "@concat('daily_weather_', formatDateTime(utcnow(), 'yyyy-MM'), '.json')",
                                        "type": "Expression"
                                    },
                                    "directory": {
                                        "value": "@concat(\n  '/daily_weather/sanluis/',\n  'YYYY=', formatDateTime(utcNow(), 'yyyy'), '/',\n  'MM=', formatDateTime(utcNow(), 'MM'), '/'\n)",
                                        "type": "Expression"
                                    },
                                    "file_system": "raw"
                                }
                            }
                        ]
                    },
                    {
                        "name": "Wait1_copy1",
                        "type": "Wait",
                        "dependsOn": [
                            {
                                "activity": "daily_weather_sj",
                                "dependencyConditions": [
                                    "Succeeded"
                                ]
                            }
                        ],
                        "userProperties": [],
                        "typeProperties": {
                            "waitTimeInSeconds": 5
                        }
                    }
                ],
                "policy": {
                    "elapsedTimeMetric": {}
                },
                "annotations": [],
                "lastPublishTime": "2025-05-14T20:11:10Z"
            },
            "dependsOn": [
                "[concat(variables('factoryId'), '/datasets/RestResource_daily_mdz')]",
                "[concat(variables('factoryId'), '/datasets/Json1')]",
                "[concat(variables('factoryId'), '/datasets/RestResource_daily_sj')]",
                "[concat(variables('factoryId'), '/datasets/RestResource_daily_sl')]"
            ]
        },
        {
            "name": "[concat(parameters('factoryName'), '/hourly_trigger')]",
            "type": "Microsoft.DataFactory/factories/triggers",
            "apiVersion": "2018-06-01",
            "properties": {
                "annotations": [],
                "runtimeState": "Started",
                "pipelines": [
                    {
                        "pipelineReference": {
                            "referenceName": "weather_air-pollution",
                            "type": "PipelineReference"
                        },
                        "parameters": {}
                    }
                ],
                "type": "ScheduleTrigger",
                "typeProperties": {
                    "recurrence": {
                        "frequency": "Hour",
                        "interval": 1,
                        "startTime": "2025-05-09T21:00:00",
                        "timeZone": "E. South America Standard Time"
                    }
                }
            },
            "dependsOn": [
                "[concat(variables('factoryId'), '/pipelines/weather_air-pollution')]"
            ]
        }
    ]
}