{
    "$schema": "https://schema.management.azure.com/schemas/2015-01-01/deploymentParameters.json#",
    "contentVersion": "1.0.0.0",
    "parameters": {
        "factoryName": {
            "value": "factory-weather"
        },
        "AzureDataLakeStorage1_accountKey": {
            "value": ""
        },
        "AzureDataLakeStorage1_properties_typeProperties_url": {
            "value": "https://datalakeprojectweather.dfs.core.windows.net/"
        },
        "HttpServer1_properties_typeProperties_url": {
            "value": "https://api.openweathermap.org"
        },
        "RestService1_properties_typeProperties_url": {
            "value": "https://meteostat.p.rapidapi.com"
        },
        "containerUri": {
            "value": ""
        },
        "containerSasToken": {
            "value": ""
        }
    }
}